var1,var2,r,pvalue,rsq
anosmia,DISCRIMINATION,0.708713332,0.00211659,0.502274588
MONO,PSYHCO,-0.718534048,0.001713953,0.516291178
ATTEN,age,-0.738947882,0.001074435,0.546043972
anosmia,IDENTIFICATION,0.745498545,0.000916724,0.55576808
SLEEP TOT,MONO,-0.805856752,0.000286444,0.649405105
PSYHCO,STRESS,-0.840947411,4.49E-05,0.707192549
